id,rank,position,age,games,minutes played,true shooting percentage,block percentage
Alex Abrines,1,SG,24,75,1134,0.5670000000000001,0.6
Quincy Acy,2,PF,27,70,1359,0.525,1.6
Steven Adams,3,C,24,76,2487,0.63,2.8
Bam Adebayo,4,C,20,69,1368,0.57,2.5
Arron Afflalo,5,SG,32,53,682,0.516,1.1
Cole Aldrich,6,C,29,21,49,0.34,1.8
LaMarcus Aldridge,7,C,32,75,2509,0.57,3.0
Jarrett Allen,8,C,19,72,1441,0.636,4.6
Kadeem Allen,9,PG,25,18,107,0.366,1.6
Tony Allen,10,SF,36,22,273,0.514,0.9
Al-Farouq Aminu,11,PF,27,69,2072,0.522,1.6
Justin Anderson,12,SF,24,38,519,0.54,1.1
Kyle Anderson,13,SF,24,74,1978,0.5820000000000001,2.5
Ryan Anderson,14,PF,29,66,1725,0.5920000000000001,1.0
Ike Anigbogu,15,C,19,11,30,0.5579999999999999,8.9
Giannis Antetokounmpo,16,PF,23,75,2756,0.598,3.3
Carmelo Anthony,17,PF,33,78,2501,0.503,1.8
OG Anunoby,18,SF,20,74,1481,0.5870000000000001,0.8
Ryan Arcidiacono,19,PG,23,24,304,0.55,0.0
Trevor Ariza,20,SF,32,67,2269,0.5670000000000001,0.5
Darrell Arthur,21,PF,29,19,141,0.5589999999999999,1.8
Jamel Artis,22,SG,25,15,279,0.457,0.9
Omer Asik,23,C,31,18,182,0.397,1.9
D.J. Augustin,24,PG,30,75,1760,0.615,0.0
Luke Babbitt,25,SF,28,50,715,0.5760000000000001,0.8
Dwayne Bacon,26,SG,22,53,713,0.431,0.2
Ron Baker,27,SG,24,29,385,0.504,1.3
Wade Baldwin,28,PG,21,7,80,0.748,1.0
Lonzo Ball,29,PG,20,52,1780,0.444,2.0
J.J. Barea,30,PG,33,69,1603,0.545,0.2
Harrison Barnes,31,PF,25,77,2634,0.539,0.5
Will Barton,32,SG,27,81,2683,0.562,1.6
Nicolas Batum,33,SG,29,64,1981,0.523,1.0
Jerryd Bayless,34,SG,29,39,925,0.546,0.5
Aron Baynes,35,C,31,81,1485,0.502,2.9
Kent Bazemore,36,SG,28,65,1789,0.547,2.2
Bradley Beal,37,SG,24,82,2977,0.564,1.1
Malik Beasley,38,SG,21,62,583,0.509,1.0
Michael Beasley,39,PF,29,74,1653,0.556,2.3
Marco Belinelli,40,SG,31,80,1947,0.581,0.5
Jordan Bell,41,C,23,57,809,0.6409999999999999,5.5
DeAndre' Bembry,42,SF,23,26,455,0.47700000000000004,2.3
Dragan Bender,43,PF,20,82,2069,0.524,2.1
Davis Bertans,44,PF,25,77,1086,0.588,2.1
Patrick Beverley,45,SG,29,11,334,0.53,1.3
Khem Birch,46,C,25,42,578,0.5820000000000001,2.9
Jabari Bird,47,SG,23,13,115,0.615,0.7
Bismack Biyombo,48,C,25,82,1495,0.556,5.1
Nemanja Bjelica,49,PF,29,67,1371,0.581,1.0
Tarik Black,50,C,26,51,536,0.5820000000000001,4.8
Antonio Blakeney,51,SG,21,19,314,0.47100000000000003,0.3
Eric Bledsoe,52,PG,28,74,2322,0.5820000000000001,1.5
Vander Blue,53,SG,25,5,45,0.255,0.0
Bogdan Bogdanovic,54,SG,25,78,2175,0.556,0.7
Bojan Bogdanovic,55,SF,28,80,2464,0.605,0.3
Andrew Bogut,56,C,33,23,216,0.696,4.9
Joel Bolomboy,57,PF,24,6,38,0.521,0.0
Devin Booker,58,SG,21,54,1865,0.561,0.6
Trevor Booker,59,PF,30,68,1158,0.557,1.5
Chris Boucher,60,PF,25,1,1,0.0,0.0
Avery Bradley,61,SG,27,46,1433,0.496,0.5
Tony Bradley,62,C,20,9,29,0.337,0.0
Corey Brewer,63,SF-SG,31,72,1208,0.534,1.0
Malcolm Brogdon,64,PG,25,48,1436,0.578,0.8
Aaron Brooks,65,PG,33,32,189,0.508,0.0
Dillon Brooks,66,SF,22,82,2350,0.531,0.7
MarShon Brooks,67,SG,29,7,193,0.629,1.5
Anthony Brown,68,SF,25,1,4,1.5,0.0
Bobby Brown,69,PG,33,20,115,0.425,0.0
Jaylen Brown,70,SG,21,70,2152,0.562,1.0
Lorenzo Brown,71,PG,27,14,139,0.45899999999999996,0.0
Markel Brown,72,SG,26,4,31,0.35700000000000004,0.0
Sterling Brown,73,SG,22,54,776,0.503,1.4
Nicolas Brussino,74,SF,24,4,10,0.0,0.0
Thomas Bryant,75,C,20,15,72,0.441,2.3
Reggie Bullock,76,SF,26,62,1732,0.615,0.7
Trey Burke,77,PG,25,36,785,0.563,0.4
Alec Burks,78,SG,26,64,1059,0.527,0.6
Jimmy Butler,79,SG,28,59,2164,0.59,1.0
Dwight Buycks,80,PG,28,29,427,0.498,0.4
Bruno Caboclo,81,SF,22,12,107,0.386,3.5
Jose Calderon,82,PG,36,57,914,0.643,0.2
Kentavious Caldwell-Pope,83,SG,24,74,2458,0.561,0.5
Isaiah Canaan,84,PG-SG,26,20,422,0.539,0.2
Clint Capela,85,C,23,74,2034,0.65,5.7
DeMarre Carroll,86,SF,31,73,2180,0.55,1.0
Vince Carter,87,SF,41,58,1026,0.523,2.4
Michael Carter-Williams,88,PG,26,52,835,0.446,2.3
Alex Caruso,89,PG,23,37,562,0.519,1.4
Omri Casspi,90,SF,29,53,740,0.632,2.0
Willie Cauley-Stein,91,C,24,73,2044,0.529,3.1
Tyler Cavanaugh,92,PF,23,39,518,0.5670000000000001,0.7
Mario Chalmers,93,PG,31,66,1421,0.503,0.9
Tyson Chandler,94,C,35,46,1151,0.6579999999999999,1.9
Wilson Chandler,95,SF,30,74,2346,0.542,1.4
Marquese Chriss,96,PF,20,72,1527,0.509,3.7
Ian Clark,97,SG,26,74,1455,0.529,0.5
Jordan Clarkson,98,SG,25,81,1888,0.542,0.3
Gian Clavell,99,SG,24,7,64,0.53,0.0
Antonius Cleveland,100,SG,23,17,123,0.486,3.6
John Collins,101,PF,20,74,1785,0.62,3.8
Zach Collins,102,C,20,66,1045,0.475,2.4
Kyle Collinsworth,103,SF,26,32,480,0.433,1.7
Darren Collison,104,PG,30,69,2018,0.61,0.7
Nick Collison,105,PF,37,15,75,0.627,0.0
Mike Conley,106,PG,30,12,373,0.52,0.8
Pat Connaughton,107,SG,25,82,1488,0.539,1.2
Quinn Cook,108,PG,24,33,740,0.593,0.1
Charles Cooke,109,SG,23,13,38,0.20199999999999999,0.0
Jack Cooley,110,PF,26,7,87,0.5660000000000001,0.0
Matt Costello,111,C,24,4,32,0.5,5.2
DeMarcus Cousins,112,C,27,48,1737,0.583,3.5
Robert Covington,113,SF,27,80,2532,0.563,2.4
Allen Crabbe,114,SG,25,75,2197,0.5579999999999999,1.2
Torrey Craig,115,SF,27,39,629,0.535,2.0
Jamal Crawford,116,SG,37,80,1653,0.519,0.5
Jordan Crawford,117,SG,29,5,53,0.601,1.5
Jae Crowder,118,SF,27,80,2090,0.525,0.9
Dante Cunningham,119,SF,30,73,1562,0.539,1.5
Stephen Curry,120,PG,29,51,1631,0.675,0.4
Troy Daniels,121,SG,26,79,1622,0.583,0.2
Anthony Davis,122,PF,24,75,2727,0.612,5.6
Deyonta Davis,123,C,21,62,943,0.621,3.9
Ed Davis,124,C,28,78,1471,0.607,2.9
Dewayne Dedmon,125,C,28,62,1542,0.599,2.8
Sam Dekker,126,PF,23,73,883,0.534,0.9
Malcolm Delaney,127,PG,28,54,1014,0.519,0.5
Matthew Dellavedova,128,PG,27,38,712,0.5,0.0
Luol Deng,129,SF,32,1,13,0.5,0.0
DeMar DeRozan,130,SG,28,80,2711,0.555,0.6
Cheick Diallo,131,PF,21,52,581,0.619,2.9
Gorgui Dieng,132,C,28,79,1333,0.5429999999999999,2.6
Spencer Dinwiddie,133,PG,24,80,2306,0.527,0.7
Tyler Dorsey,134,SG,21,56,974,0.494,0.4
Damyean Dotson,135,SG,23,44,474,0.532,0.4
Milton Doyle,136,SG,24,10,125,0.337,1.2
PJ Dozier,137,PG,21,2,3,0.5,0.0
Goran Dragic,138,PG,31,75,2378,0.5429999999999999,0.4
Larry Drew,139,PG,27,10,70,0.354,0.0
Andre Drummond,140,C,24,78,2625,0.555,4.3
Jared Dudley,141,PF,32,48,686,0.5529999999999999,1.3
Kris Dunn,142,PG,23,52,1525,0.488,1.6
Kevin Durant,143,PF,29,68,2325,0.64,4.0
Jarell Eddie,144,SF,26,3,9,0.0,0.0
Henry Ellenson,145,PF,21,38,329,0.47600000000000003,0.0
Wayne Ellington,146,SG,30,77,2041,0.588,0.3
Joel Embiid,147,C,23,63,1912,0.573,4.8
James Ennis,148,SF,27,72,1604,0.588,1.0
Tyler Ennis,149,PG,23,54,683,0.473,1.2
Jawun Evans,150,PG,21,48,778,0.42100000000000004,0.6
Jeremy Evans,151,SF,30,1,5,1.0,0.0
Tyreke Evans,152,PG,28,52,1607,0.561,1.0
Dante Exum,153,PG,22,14,235,0.5660000000000001,1.1
Kenneth Faried,154,PF,28,32,461,0.552,2.4
Derrick Favors,155,C,26,77,2153,0.593,3.2
Kay Felder,156,PG,22,16,140,0.379,0.6
Cristiano Felicio,157,C,25,55,977,0.614,1.0
Raymond Felton,158,PG,33,82,1365,0.494,1.1
Terrance Ferguson,159,SG,19,61,763,0.545,1.2
Yogi Ferrell,160,SG,24,82,2282,0.54,0.4
Dorian Finney-Smith,161,PF,24,21,448,0.48200000000000004,0.8
Bryn Forbes,162,SG,24,80,1517,0.525,0.1
Evan Fournier,163,SF,25,57,1837,0.5770000000000001,0.7
De'Aaron Fox,164,PG,20,73,2026,0.478,0.9
Tim Frazier,165,PG,27,59,838,0.475,0.7
Channing Frye,166,C,34,53,695,0.599,1.6
Markelle Fultz,167,SG,19,14,253,0.41600000000000004,1.3
Danilo Gallinari,168,SF,29,21,671,0.545,1.2
Langston Galloway,169,SG,26,58,863,0.503,0.5
Marc Gasol,170,C,33,73,2408,0.532,3.9
Pau Gasol,171,C,37,77,1812,0.539,3.6
Rudy Gay,172,PF,31,57,1231,0.545,2.6
Paul George,173,SF,27,79,2891,0.57,1.2
Marcus Georges-Hunt,174,SG,23,42,224,0.515,0.0
Jonathan Gibson,175,PG,30,4,40,0.7390000000000001,0.0
Taj Gibson,176,PF,32,82,2726,0.61,1.9
Manu Ginobili,177,SG,40,65,1299,0.5529999999999999,1.0
Rudy Gobert,178,C,25,56,1816,0.657,6.0
Aaron Gordon,179,PF,22,58,1909,0.53,1.9
Eric Gordon,180,SG,29,69,2154,0.578,1.1
Marcin Gortat,181,C,33,82,2075,0.546,2.6
Treveon Graham,182,SG,24,63,1050,0.5529999999999999,0.2
Jerami Grant,183,PF,23,81,1647,0.607,4.2
Jerian Grant,184,PG,25,74,1686,0.528,0.4
Josh Gray,185,PG,24,5,86,0.349,1.9
Danny Green,186,SG,30,70,1791,0.509,3.7
Draymond Green,187,PF,27,70,2287,0.556,3.1
Gerald Green,188,SG,32,41,929,0.5660000000000001,1.4
JaMychal Green,189,PF,27,55,1542,0.53,1.5
Jeff Green,190,PF,31,78,1828,0.5870000000000001,1.6
Blake Griffin,191,PF,28,58,1970,0.544,0.8
Daniel Hamilton,192,SG,22,6,28,0.545,0.0
Tim Hardaway,193,SG,25,57,1885,0.5329999999999999,0.5
James Harden,194,SG,28,72,2551,0.619,1.7
Maurice Harkless,195,SF,24,59,1264,0.596,2.8
Montrezl Harrell,196,C,24,76,1293,0.647,3.4
Devin Harris,197,PG,34,71,1340,0.563,0.8
Gary Harris,198,SG,23,67,2304,0.597,0.5
Joe Harris,199,SG,26,78,1975,0.634,0.8
Tobias Harris,200,PF,25,80,2668,0.565,1.1
Aaron Harrison,201,SG,23,9,233,0.392,0.8
Andrew Harrison,202,PG,23,56,1326,0.534,1.8
Shaquille Harrison,203,PG,24,23,384,0.54,1.5
Josh Hart,204,SG,22,63,1461,0.596,0.9
Udonis Haslem,205,C,37,14,72,0.252,2.4
Nigel Hayes,206,SF,23,9,122,0.39299999999999996,2.3
Gordon Hayward,207,SF,27,1,5,0.5,0.0
Reggie Hearn,208,SG,26,3,7,0.75,0.0
Myke Henry,209,SF,25,20,378,0.47200000000000003,1.5
John Henson,210,C,27,76,1970,0.5820000000000001,4.7
Juan Hernangomez,211,PF,22,25,277,0.511,0.9
Willy Hernangomez,212,C,23,48,495,0.604,2.7
Mario Hezonja,213,SF,22,75,1657,0.544,1.5
Isaiah Hicks,214,PF,23,18,240,0.501,1.4
Buddy Hield,215,SG,24,80,2024,0.557,1.0
Nene Hilario,216,C,35,52,758,0.594,1.6
George Hill,217,PG,31,67,1812,0.58,1.3
Solomon Hill,218,SF,26,12,187,0.332,0.4
Darrun Hilliard,219,SG,24,14,95,0.36200000000000004,0.0
Jrue Holiday,220,SG,27,81,2927,0.57,1.7
Justin Holiday,221,SG,28,72,2265,0.513,1.2
John Holland,222,SF,29,24,174,0.41700000000000004,1.0
Rondae Hollis-Jefferson,223,SF,23,68,1920,0.5479999999999999,1.9
Richaun Holmes,224,C,24,48,746,0.585,3.2
Rodney Hood,225,SG,25,60,1616,0.546,0.6
Scotty Hopson,226,SG,28,1,8,0.266,0.0
Al Horford,227,C,31,72,2277,0.575,2.9
Danuel House,228,SG,24,23,403,0.5329999999999999,1.2
Dwight Howard,229,C,32,81,2463,0.5770000000000001,4.4
Josh Huestis,230,PF,26,69,982,0.41700000000000004,4.0
R.J. Hunter,231,SG,24,5,45,0.455,0.0
Vince Hunter,232,PF,23,4,7,0.6,13.4
Serge Ibaka,233,PF,28,76,2093,0.574,3.8
Andre Iguodala,234,SF,34,64,1622,0.536,1.9
Ersan Ilyasova,235,PF,30,69,1729,0.5579999999999999,1.3
Joe Ingles,236,SF,30,82,2578,0.623,0.7
Andre Ingram,237,SG,32,2,64,0.655,3.8
Brandon Ingram,238,SF,20,59,1975,0.536,1.8
Kyrie Irving,239,PG,25,60,1931,0.61,0.7
Jonathan Isaac,240,PF,20,27,536,0.465,4.5
Wesley Iwundu,241,SF,23,62,1020,0.48,0.9
Jarrett Jack,242,PG,34,62,1548,0.489,0.2
Aaron Jackson,243,PG,31,1,35,0.405,0.0
Demetrius Jackson,244,PG,23,15,80,0.424,1.1
Josh Jackson,245,SF,20,77,1959,0.48,1.4
Justin Jackson,246,SF,22,68,1506,0.521,0.8
Reggie Jackson,247,PG,27,45,1201,0.516,0.3
LeBron James,248,PF,33,82,3026,0.621,2.0
Mike James,249,PG,27,36,687,0.469,0.8
Al Jefferson,250,C,33,36,484,0.563,4.2
Richard Jefferson,251,SF,37,20,163,0.499,0.5
Brandon Jennings,252,PG,28,14,205,0.478,1.7
Jonas Jerebko,253,PF,30,74,1134,0.586,0.9
Amir Johnson,254,C,30,74,1171,0.575,3.1
Brice Johnson,255,PF,23,18,98,0.486,5.5
Dakari Johnson,256,C,22,31,161,0.575,4.5
James Johnson,257,PF,30,73,1943,0.575,2.2
Joe Johnson,258,SF,36,55,1205,0.49,0.5
Omari Johnson,259,PF,28,4,75,0.524,0.0
Stanley Johnson,260,SF,21,69,1894,0.48,0.7
Tyler Johnson,261,PG,25,72,2052,0.5489999999999999,1.4
Wesley Johnson,262,SF,30,74,1486,0.512,3.5
Nikola Jokic,263,C,22,75,2443,0.603,2.1
Damian Jones,264,C,22,15,89,0.517,2.7
Derrick Jones,265,SF,20,20,245,0.48,4.4
Jalen Jones,266,SF,24,16,181,0.485,0.5
Tyus Jones,267,PG,21,82,1467,0.5720000000000001,0.4
DeAndre Jordan,268,C,29,77,2424,0.648,2.4
Cory Joseph,269,PG,26,82,2210,0.503,0.7
Frank Kaminsky,270,PF,24,79,1835,0.545,0.9
Enes Kanter,271,C,25,71,1830,0.63,1.7
Luke Kennard,272,SG,21,73,1463,0.56,0.8
Michael Kidd-Gilchrist,273,SF,24,74,1850,0.536,1.4
Sean Kilpatrick,274,SG,28,52,640,0.507,0.7
Maxi Kleber,275,PF,26,72,1206,0.5760000000000001,3.5
Furkan Korkmaz,276,SG,20,14,80,0.386,1.0
Luke Kornet,277,PF,22,20,326,0.516,4.2
Kyle Korver,278,SG,36,73,1574,0.652,1.5
Kosta Koufos,279,C,28,71,1391,0.5660000000000001,2.2
Kyle Kuzma,280,PF,22,77,2401,0.5489999999999999,1.1
Mindaugas Kuzminskas,281,SF,28,1,2,0.0,0.0
Skal Labissiere,282,PF,21,60,1240,0.513,3.7
Jeremy Lamb,283,SG,25,80,1967,0.5589999999999999,1.4
Shane Larkin,284,PG,25,54,775,0.491,0.3
Joffrey Lauvergne,285,C,26,55,534,0.536,0.5
Zach LaVine,286,SG,22,24,656,0.499,0.5
Jake Layman,287,SF,23,35,160,0.35200000000000004,2.0
T.J. Leaf,288,PF,20,53,459,0.545,0.8
Courtney Lee,289,SG,32,76,2310,0.564,0.6
Damion Lee,290,SG,25,15,404,0.489,0.2
Walt Lemon Jr.,291,PG,25,5,35,0.491,2.3
Alex Len,292,C,24,69,1395,0.612,3.5
Kawhi Leonard,293,SF,26,9,210,0.5720000000000001,3.6
Meyers Leonard,294,C,25,33,254,0.6759999999999999,0.0
Jon Leuer,295,PF,28,8,136,0.505,2.0
Caris LeVert,296,SF,23,71,1864,0.525,0.9
DeAndre Liggins,297,SG,29,58,724,0.467,1.6
Damian Lillard,298,PG,27,73,2670,0.594,0.8
Jeremy Lin,299,PG,29,1,25,0.597,0.0
Shaun Livingston,300,PG,32,71,1129,0.5329999999999999,1.5
Kevon Looney,301,C,21,66,910,0.588,4.9
Brook Lopez,302,C,29,74,1735,0.557,4.6
Robin Lopez,303,C,29,64,1690,0.552,2.8
Kevin Love,304,C,29,59,1651,0.614,1.2
Kyle Lowry,305,PG,31,78,2510,0.598,0.6
Timothe Luwawu-Cabarrot,306,SF,22,52,807,0.511,0.5
Tyler Lydon,307,PF,21,1,2,,0.0
Trey Lyles,308,PF,22,73,1391,0.591,2.0
Shelvin Mack,309,PG,27,69,1365,0.518,0.5
Josh Magette,310,PG,28,18,216,0.46399999999999997,0.4
Ian Mahinmi,311,C,31,77,1145,0.601,3.2
Thon Maker,312,C,20,74,1238,0.499,3.7
Boban Marjanovic,313,C,29,39,337,0.616,2.8
Lauri Markkanen,314,PF,20,68,2020,0.552,1.8
Jarell Martin,315,PF,23,73,1661,0.516,2.8
Frank Mason,316,PG,23,52,984,0.48,1.0
Mangok Mathiang,317,C,25,4,20,0.5379999999999999,0.0
Wesley Matthews,318,SF,31,63,2131,0.541,0.7
Luc Mbah a Moute,319,PF,31,61,1564,0.595,1.4
James Michael McAdoo,320,PF,25,3,18,0.508,4.6
Patrick McCaw,321,SG,22,57,961,0.47700000000000004,0.8
CJ McCollum,322,SG,26,81,2923,0.536,1.0
T.J. McConnell,323,PG,25,76,1706,0.545,0.6
Erik McCree,324,SF,24,4,8,0.0,0.0
Chris McCullough,325,PF,22,19,90,0.478,4.9
Doug McDermott,326,SF,26,81,1768,0.579,0.8
JaVale McGee,327,C,30,65,615,0.6409999999999999,7.3
Rodney McGruder,328,SG,26,18,299,0.595,0.9
Trey McKinney-Jones,329,SG,27,1,1,,0.0
Alfonzo McKinnie,330,SF,25,14,53,0.643,1.5
Ben McLemore,331,SG,24,56,1091,0.526,1.3
Josh McRoberts,332,PF,30,2,6,0.0,0.0
Jodie Meeks,333,SG,30,77,1119,0.5479999999999999,0.3
Salah Mejri,334,C,31,61,729,0.644,8.2
Jordan Mickey,335,PF,23,23,284,0.515,3.0
Khris Middleton,336,SF,26,82,2982,0.5770000000000001,0.6
C.J. Miles,337,SF,30,70,1337,0.545,1.3
Darius Miller,338,SF,27,82,1944,0.617,0.7
Malcolm Miller,339,SF,24,15,126,0.638,1.3
Patty Mills,340,PG,29,82,2107,0.5579999999999999,0.4
Paul Millsap,341,PF,32,38,1143,0.5489999999999999,3.2
Nikola Mirotic,342,PF,26,55,1494,0.5770000000000001,2.2
Donovan Mitchell,343,SG,21,79,2638,0.541,0.9
Naz Mitrou-Long,344,SG,24,1,1,1.5,0.0
Malik Monk,345,SG,19,63,854,0.47700000000000004,0.9
Greg Monroe,346,C,27,51,1040,0.598,1.8
Luis Montero,347,SG,24,2,8,0.0,0.0
Ben Moore,348,PF,22,2,9,,0.0
E'Twaun Moore,349,SG,28,82,2586,0.593,0.4
Eric Moreland,350,PF,26,67,805,0.531,5.6
Jaylen Morris,351,SG,22,6,98,0.43799999999999994,0.9
Marcus Morris,352,PF,28,54,1447,0.541,0.7
Markieff Morris,353,PF,28,73,1968,0.5660000000000001,1.7
Monte Morris,354,PG,22,3,25,0.727,0.0
Johnathan Motley,355,PF,22,11,176,0.55,1.0
Timofey Mozgov,356,C,31,31,359,0.617,2.7
Emmanuel Mudiay,357,PG,21,64,1245,0.474,0.8
Shabazz Muhammad,358,SF-SG,25,43,418,0.51,0.6
Xavier Munford,359,SG,25,6,21,0.218,0.0
Dejounte Murray,360,PG,21,81,1743,0.485,1.5
Jamal Murray,361,PG,20,81,2565,0.5760000000000001,0.9
Mike Muscala,362,C,26,53,1060,0.597,2.2
Abdel Nader,363,SF,24,48,522,0.439,1.6
Larry Nance,364,C,25,66,1421,0.605,2.2
Shabazz Napier,365,PG,26,74,1535,0.544,0.7
Jameer Nelson,366,PG,35,50,1013,0.489,0.3
Raul Neto,367,PG,25,41,498,0.55,0.7
Georges Niang,368,PF,24,9,32,0.379,0.0
Joakim Noah,369,C,32,7,40,0.51,4.3
Nerlens Noel,370,C,23,30,472,0.5579999999999999,4.1
Lucas Nogueira,371,C,25,49,418,0.6609999999999999,8.2
Dirk Nowitzki,372,C,39,77,1900,0.575,2.1
Frank Ntilikina,373,PG,19,78,1706,0.43700000000000006,0.9
Jusuf Nurkic,374,C,23,79,2088,0.528,4.3
David Nwaba,375,SG,25,70,1646,0.542,1.6
Johnny O'Bryant,376,PF,24,36,379,0.47,1.3
Royce O'Neale,377,SF,24,69,1150,0.54,1.2
Kyle O'Quinn,378,C,27,77,1387,0.625,6.1
Semi Ojeleye,379,PF,23,73,1150,0.473,0.3
Emeka Okafor,380,C,35,26,353,0.545,5.6
Jahlil Okafor,381,C,22,28,353,0.584,3.9
Victor Oladipo,382,SG,25,75,2552,0.5770000000000001,2.0
Kelly Olynyk,383,PF,26,76,1779,0.612,1.7
Chinanu Onuaku,384,C,21,1,22,0.4,0.0
Cedi Osman,385,SF,22,61,672,0.5770000000000001,0.4
Kelly Oubre,386,SF,22,81,2231,0.534,1.4
Zaza Pachulia,387,C,33,69,972,0.612,1.4
Marcus Paige,388,PG,24,5,28,0.40299999999999997,0.0
Georgios Papagiannis,389,C,20,17,122,0.429,4.7
Jabari Parker,390,PF,22,31,743,0.55,1.2
Tony Parker,391,PG,35,55,1071,0.498,0.1
Chandler Parsons,392,SF,29,36,691,0.578,1.5
Patrick Patterson,393,PF,28,82,1270,0.555,1.6
Justin Patton,394,C,20,1,4,0.5,0.0
Brandon Paul,395,SG,26,64,576,0.504,1.0
Chris Paul,396,PG,32,58,1847,0.604,0.6
Adreian Payne,397,PF,26,5,43,0.831,0.0
Cameron Payne,398,PG,23,25,582,0.498,1.4
Elfrid Payton,399,PG,23,63,1808,0.5379999999999999,1.0
Gary Payton,400,PG,25,23,221,0.44299999999999995,1.1
Kendrick Perkins,401,C,33,1,15,0.521,0.0
London Perrantes,402,PG,23,14,66,0.23,1.3
Alec Peters,403,PF,22,20,225,0.523,0.7
Marshall Plumlee,404,C,25,8,52,0.6970000000000001,1.6
Mason Plumlee,405,C,27,74,1439,0.586,4.7
Miles Plumlee,406,C,29,55,918,0.574,2.8
Jakob Poeltl,407,C,22,82,1524,0.662,5.2
Quincy Pondexter,408,SF,29,23,196,0.39799999999999996,0.9
Otto Porter,409,SF,24,77,2432,0.602,1.5
Bobby Portis,410,PF,22,73,1643,0.5479999999999999,1.3
Kristaps Porzingis,411,PF,22,48,1553,0.539,6.4
Dwight Powell,412,C,26,79,1672,0.6559999999999999,1.7
Norman Powell,413,SG,24,70,1062,0.49200000000000005,1.2
Alex Poythress,414,PF,24,25,104,0.5,0.9
Jacob Pullen,415,PG,28,3,6,0.5,0.0
Rodney Purvis,416,SG,23,16,290,0.423,0.8
Zhou Qi,417,C,22,18,124,0.295,9.6
Tim Quarterman,418,SG,23,3,13,0.515,0.0
Ivan Rabb,419,PF,20,36,516,0.599,2.4
Julius Randle,420,C,23,82,2190,0.606,1.7
Zach Randolph,421,PF,36,59,1508,0.529,0.6
Xavier Rathan-Mayes,422,SG,23,5,118,0.315,2.4
J.J. Redick,423,SG,33,70,2116,0.614,0.2
Davon Reed,424,SG,22,21,242,0.38799999999999996,0.7
Willie Reed,425,C,27,42,428,0.6709999999999999,4.3
Josh Richardson,426,SF,24,81,2689,0.551,2.4
Malachi Richardson,427,SG,22,26,324,0.446,0.3
Austin Rivers,428,SG,25,61,2057,0.526,0.6
Andre Roberson,429,SG,26,39,1037,0.5429999999999999,3.1
Devin Robinson,430,SF,22,1,13,0.33299999999999996,0.0
Glenn Robinson,431,SF,24,23,338,0.529,0.3
Rajon Rondo,432,PG,31,65,1705,0.522,0.5
Derrick Rose,433,PG,29,25,420,0.507,0.8
Terrence Ross,434,SG,26,24,600,0.505,1.5
Terry Rozier,435,PG,23,80,2068,0.52,0.8
Ricky Rubio,436,PG,27,77,2254,0.537,0.4
D'Angelo Russell,437,PG,21,48,1234,0.509,1.0
Domantas Sabonis,438,C,21,74,1810,0.5670000000000001,1.6
JaKarr Sampson,439,SF,24,22,344,0.585,6.1
Dario Saric,440,PF,23,78,2310,0.5820000000000001,0.7
Tomas Satoransky,441,SG,26,73,1643,0.615,0.8
Dennis Schroder,442,PG,24,67,2078,0.515,0.2
Mike Scott,443,PF,29,76,1406,0.599,0.6
Thabo Sefolosha,444,SF,33,38,806,0.591,1.3
Wayne Selden,445,SG,23,35,692,0.551,0.7
Ramon Sessions,446,PG,31,28,392,0.479,0.4
Iman Shumpert,447,SG,27,14,276,0.48,1.2
Pascal Siakam,448,PF,23,81,1679,0.5489999999999999,2.0
Xavier Silas,449,SG,30,2,7,0.0,0.0
Ben Simmons,450,PG,21,81,2732,0.557,2.1
Jonathon Simmons,451,SG,28,69,2029,0.555,0.6
Kobi Simmons,452,PG,20,32,643,0.49,0.7
Kyle Singler,453,SF,29,12,59,0.43,0.0
Marcus Smart,454,SG,23,54,1614,0.479,1.2
Dennis Smith,455,PG,20,69,2049,0.473,0.8
Ish Smith,456,PG,29,82,2043,0.525,0.9
J.R. Smith,457,SG,32,80,2244,0.534,0.4
Jason Smith,458,C,31,33,285,0.455,4.0
Josh Smith,459,PF,32,3,12,0.25,0.0
Tony Snell,460,SG,26,75,2053,0.578,1.2
Marreese Speights,461,C,30,52,675,0.539,2.6
Nik Stauskas,462,SG,24,41,523,0.5429999999999999,0.6
Lance Stephenson,463,SG,27,82,1850,0.495,0.8
David Stockton,464,PG,26,3,9,1.05,0.0
Julyan Stone,465,SG,29,23,175,0.684,1.0
Edmond Sumner,466,PG,22,1,2,1.0,0.0
Caleb Swanigan,467,PF,20,27,189,0.449,1.3
Jayson Tatum,468,SF,19,80,2438,0.586,2.0
Isaiah Taylor,469,PG,23,67,1167,0.49200000000000005,0.7
Jeff Teague,470,PG,29,70,2311,0.5529999999999999,0.8
Marquis Teague,471,PG,24,3,74,0.302,0.0
Mirza Teletovic,472,PF,32,10,159,0.623,0.5
Garrett Temple,473,SG,31,65,1615,0.536,1.6
Milos Teodosic,474,PG,30,45,1134,0.564,0.4
Jason Terry,475,SG,40,51,814,0.525,1.4
Daniel Theis,476,C,25,63,936,0.616,4.3
Isaiah Thomas,477,PG,28,32,862,0.508,0.3
Lance Thomas,478,PF,29,73,1353,0.513,0.9
Klay Thompson,479,SG,27,73,2506,0.598,1.1
Tristan Thompson,480,C,26,53,1072,0.569,1.3
Sindarius Thornwell,481,SG,23,73,1156,0.519,1.8
Anthony Tolliver,482,PF,32,79,1757,0.6629999999999999,1.1
Karl-Anthony Towns,483,C,22,82,2918,0.6459999999999999,3.5
P.J. Tucker,484,PF,32,82,2281,0.537,1.0
Evan Turner,485,SF,29,79,2034,0.52,1.2
Myles Turner,486,C,21,65,1836,0.5670000000000001,5.7
Ekpe Udoh,487,C,30,63,810,0.56,7.7
Tyler Ulis,488,PG,22,71,1658,0.465,0.3
Jonas Valanciunas,489,C,25,77,1727,0.628,3.2
Denzel Valentine,490,SG,24,77,2095,0.527,0.5
Fred VanVleet,491,PG,23,76,1520,0.556,1.0
Rashad Vaughn,492,SG,21,28,212,0.546,1.2
Noah Vonleh,493,PF,22,54,875,0.509,1.6
Nikola Vucevic,494,C,27,57,1683,0.5329999999999999,3.0
Dwyane Wade,495,SG,36,67,1536,0.5,2.6
Dion Waiters,496,SG,26,30,918,0.48700000000000004,0.8
Kemba Walker,497,PG,27,80,2736,0.5720000000000001,0.7
John Wall,498,PG,27,41,1410,0.515,2.8
Tyrone Wallace,499,PG,23,30,851,0.517,1.3
Taurean Waller-Prince,500,SF,23,82,2464,0.5489999999999999,1.5
Derrick Walton,501,PG,22,16,147,0.525,1.7
Jameel Warney,502,PF,24,3,27,0.599,0.0
T.J. Warren,503,SF,24,65,2142,0.541,1.5
Travis Wear,504,SF,27,17,228,0.49700000000000005,1.8
James Webb,505,SF,24,10,120,0.33299999999999996,0.0
Briante Weber,506,PG,25,18,237,0.527,1.9
David West,507,C,37,73,999,0.6,5.9
Russell Westbrook,508,PG,29,80,2914,0.524,0.6
Andrew White,509,SF,24,15,209,0.461,0.4
Derrick White,510,PG,23,17,139,0.6459999999999999,1.8
Okaro White,511,PF,25,6,80,0.5770000000000001,1.1
Isaiah Whitehead,512,PG,22,16,180,0.53,0.8
Hassan Whiteside,513,C,28,54,1364,0.573,5.9
Andrew Wiggins,514,SF,22,82,2979,0.505,1.5
Jacob Wiley,515,PF,23,5,33,0.41,0.0
Damien Wilkins,516,SF,38,19,152,0.405,0.6
Alan Williams,517,PF,25,5,70,0.455,1.2
C.J. Williams,518,SG,27,38,707,0.512,1.5
Derrick Williams,519,PF,26,2,9,0.25,0.0
Lou Williams,520,SG,31,79,2589,0.574,0.6
Marvin Williams,521,PF,31,78,2006,0.603,1.6
Matt Williams,522,SG,24,3,11,0.41700000000000004,0.0
Troy Williams,523,SF,23,21,307,0.544,1.1
D.J. Wilson,524,PF,21,22,71,0.622,1.2
Jamil Wilson,525,SF,27,15,274,0.634,2.4
Justise Winslow,526,PF,21,68,1680,0.496,1.7
Jeff Withey,527,C,27,9,39,0.444,6.8
Nate Wolters,528,PG,26,5,19,0.16699999999999998,0.0
Brandan Wright,529,PF,30,28,381,0.596,6.4
Delon Wright,530,PG,25,69,1433,0.574,1.8
Guerschon Yabusele,531,PF,22,33,235,0.5589999999999999,1.8
James Young,532,SG,22,6,61,0.511,0.0
Joe Young,533,PG,25,53,558,0.521,0.2
Nick Young,534,SG,32,80,1393,0.562,0.4
Thaddeus Young,535,PF,29,81,2607,0.528,1.2
Cody Zeller,536,C,25,33,627,0.602,2.8
Tyler Zeller,537,C,28,66,1109,0.598,2.5
Paul Zipser,538,SF,23,54,824,0.445,1.6
Ante Zizic,539,C,21,32,214,0.746,5.2
Ivica Zubac,540,C,20,43,410,0.557,3.0
